<?xml version="1.0" encoding="UTF-8"?>
<!DOCTYPE version SYSTEM "../../../lib/pkp/dtd/pluginVersion.dtd">

<!--
  * plugins/importexport/sample/version.xml
  *
  * Copyright (c) 2013-2015 Simon Fraser University Library
  * Copyright (c) 2003-2015 John Willinsky
  * Distributed under the GNU GPL v2. For full terms see the file docs/COPYING.
  *
  * Plugin version information.
  -->
<version>
	<application>copernicus</application>
	<type>plugins.importexport</type>
	<release>0.0.5</release>
	<date>2020-06-08</date>
</version>
